{"model":{"version":2,"nodes":[{"name":"RootNode","position":[0,0,0],"rotation":[0,0,0],"scale":[1,1,1]},{"name":"Plane","position":[0,0,0],"rotation":[-90,0,0],"scale":[1,1,1]}],"parents":[-1,0],"skins":[],"vertices":[{"position":{"type":"float32","components":3,"data":[-1.11114,1.66294,0,-0.555571,0.831469,0,-0.382684,0.923879,0,-0.765368,1.84776,0,-0.707107,0.707106,0,-1.41421,1.41421,0,-0.83147,0.55557,0,-1.66294,1.11114,0,-1.84776,0.765366,0,-0.92388,0.382683,0,-1.96157,0.390179,0,-0.980785,0.19509,0,-1,-7.15256e-07,0,-2,-1.43051e-06,0,-1.96157,-0.390182,0,-0.980785,-0.195091,0,-0.923879,-0.382684,0,-1.84776,-0.765368,0,-1.66294,-1.11114,0,-0.831469,-0.555571,0,-1.41421,-1.41421,0,-0.707106,-0.707107,0,-0.55557,-0.83147,0,-1.11114,-1.66294,0,-0.382683,-0.92388,0,-0.765365,-1.84776,0,-0.390179,-1.96157,0,-0.19509,-0.980785,0,7.15256e-07,-1,0,1.43051e-06,-2,0,0.390182,-1.96157,0,0.195091,-0.980785,0,0.382684,-0.923879,0,0.765368,-1.84776,0,1.11114,-1.66294,0,0.555571,-0.831469,0,1.41421,-1.41421,0,0.707107,-0.707106,0,1.66294,-1.11114,0,0.83147,-0.555569,0,1.84776,-0.765365,0,0.92388,-0.382683,0,1.96157,-0.39018,0,0.980785,-0.19509,0,1,5.96046e-07,0,2,1.3113e-06,0,0.980785,0.195091,0,1.96157,0.390182,0,0.923879,0.382684,0,1.84776,0.765368,0,0.831469,0.555571,0,1.66294,1.11114,0,1.41421,1.41421,0,0.707106,0.707108,0,0.55557,0.83147,0,1.11114,1.66294,0,0.765366,1.84776,0,0.382683,0.92388,0,-0.409835,1.60461,0,-1.19209e-06,1.91529,0,-0.390182,1.96157,0,-1.19209e-06,2,0,0.390179,1.96157,0,0.409833,1.60461,0,-0.223952,1.15246,0,-7.15256e-07,1,0,0.22395,1.15246,0,-7.15256e-07,1,0,-0.223952,1.15246,0,-0.195091,0.980785,0,0.19509,0.980785,0,-0.223952,1.60036,0,0.22395,1.60036,0,-0.195091,0.980785,0]},"normal":{"type":"float32","components":3,"data":[0,0,1,0,0,1,0,0,1,0,0,1,0,0,1,0,0,1,0,0,1,0,0,1,0,0,1,0,0,1,0,0,1,0,0,1,0,0,1,0,0,1,0,0,1,0,0,1,0,0,1,0,0,1,0,0,1,0,0,1,0,0,1,0,0,1,0,0,1,0,0,1,0,0,1,0,0,1,0,0,1,0,0,1,0,0,1,0,0,1,0,0,1,0,0,1,0,0,1,0,0,1,0,0,1,0,0,1,0,0,1,0,0,1,0,0,1,0,0,1,0,0,1,0,0,1,0,0,1,0,0,1,0,0,1,0,0,1,0,0,1,0,0,1,0,0,1,0,0,1,0,0,1,0,0,1,0,0,1,0,0,1,0,0,1,0,0,1,0,0,1,0,0,1,0,0,1,0,0,1,0,0,1,0,0,1,0,0,1,0,0,1,0,0,1,0,0,1,0,0,1,0,0,1,0,0,1,0,0,1,0,0,1,0,0,1,0,0,1,0,0,1]}}],"meshes":[{"aabb":{"min":[-2,-2,0],"max":[2,2,1.17549e-38]},"vertices":0,"indices":[0,1,2,0,2,3,4,0,5,0,4,1,6,5,7,5,6,4,8,9,6,6,7,8,10,11,9,9,8,10,10,12,11,12,10,13,12,13,14,12,14,15,14,16,15,16,14,17,18,16,17,16,18,19,19,20,21,20,19,18,22,20,23,20,22,21,24,23,25,23,24,22,26,27,24,24,25,26,28,26,29,26,28,27,30,31,28,28,29,30,30,32,31,32,30,33,32,33,34,32,34,35,36,35,34,35,36,37,38,37,36,37,38,39,40,39,38,39,40,41,41,42,43,42,41,40,44,42,45,42,44,43,46,45,47,45,46,44,48,47,49,47,48,46,50,49,51,49,50,48,52,53,50,50,51,52,52,54,53,54,52,55,54,55,56,54,56,57,58,59,60,61,60,59,62,59,63,59,62,61,60,3,58,56,62,63,64,65,66,67,68,69,70,66,65,56,63,57,3,2,58,58,64,71,64,58,2,63,66,57,66,63,72,57,66,70,2,73,64],"type":"triangles","base":0,"count":219}],"meshInstances":[{"node":1,"mesh":0}]}}